id,name,email,city,signup_date
1,Thomas Bradley,jason76@example.net,Thomasberg,2024-05-23
2,Kimberly Burgess,zhurst@example.com,East William,2024-01-23
3,Shannon Hernandez,laurahenderson@example.org,Jamesmouth,2024-12-28
4,Juan Dunlap,maldonadoamanda@example.com,Danielchester,2024-03-15
5,Troy Liu,teresa28@example.org,Meaganhaven,2025-03-01
6,James Martin,georgetracy@example.org,Natashaport,2024-05-17
7,Shawn Arroyo,dennislisa@example.net,East Donna,2025-01-14
8,Joseph Obrien,sarahcampos@example.net,Lake Larry,2025-04-18
9,Jessica Holmes,wrightcaleb@example.org,New Jeffrey,2024-01-08
10,Amy Jones,heathchad@example.org,Elizabethborough,2025-01-05
11,Timothy Duncan,esanchez@example.com,North Collin,2024-10-13
12,Jason Shields,nuneztracey@example.org,South Jessicaville,2024-05-25
13,Joshua Taylor,joshuawright@example.org,Mortonside,2024-01-29
14,Zachary Huff,housemelinda@example.org,Tuckerborough,2025-09-15
15,Anthony Gray,ybaker@example.com,Rodneyside,2025-04-11
16,Brittney Phillips,rileyamy@example.net,Brianshire,2024-11-18
17,Sarah Moore,yorkcasey@example.org,South David,2025-10-05
18,Lauren Williams,barnesbrandy@example.net,Sarahborough,2025-04-17
19,Cynthia Foster,stephen10@example.com,North Amandahaven,2024-06-06
20,Gregory Jones,mikemoore@example.net,Cherylhaven,2023-11-20
21,Kristen Huynh,mcmillandennis@example.org,Lake Angelaview,2024-06-19
22,Michelle Harris,william40@example.org,Calderonton,2023-11-16
23,Carlos Whitney,joycearnold@example.com,North Charlesberg,2025-01-10
24,Jacob Tran,tanderson@example.com,West Jasonbury,2025-04-15
25,Richard Henson,vdickson@example.org,Port Francisco,2025-07-27
26,Sierra Johnson,kimberly63@example.com,Port Jacqueline,2024-09-06
27,Shannon Walker,ybailey@example.org,North Donna,2024-09-18
28,Sean Rasmussen,michael86@example.net,Sheilaville,2025-09-25
29,Cassandra Estes,benjamin96@example.com,Samuelhaven,2024-02-11
30,Kenneth Scott,zsmith@example.net,West Ryan,2025-04-12
31,Lisa Alvarado,cortezkevin@example.com,Nguyenport,2025-01-17
32,Jason Bentley,christinaturner@example.net,West Justinchester,2025-07-16
33,Mary Marshall,glowe@example.com,Lake Christopher,2024-12-18
34,Lisa Davis,emilywalker@example.org,North Brandon,2024-11-17
35,Patricia Gibson,jennifercruz@example.com,East Diana,2023-11-18
36,Shannon Mcclure,zrobinson@example.net,Williamsbury,2025-10-26
37,Joyce Solis,stephanie79@example.net,Rivasside,2024-10-25
38,Natasha Wells,karen48@example.com,West Scott,2025-05-21
39,Devon Flores,taylorjesse@example.net,Lake Jason,2024-10-01
40,Joshua Perry,marissaprice@example.net,Port Nicoleshire,2024-09-04
41,Tommy Evans,acastaneda@example.net,South Jeffrey,2024-10-17
42,Mr. Michael Yates,marycalhoun@example.net,South Brittanytown,2024-01-18
43,Brandy Murray,greenmark@example.com,Matthewfurt,2024-06-17
44,Sandra King,ruizkaitlyn@example.org,Jeffreyland,2025-07-12
45,Amanda Johnson,jamessmith@example.org,East Thomas,2024-02-10
46,Claudia Lyons,gary91@example.org,Danieltown,2025-11-04
47,Michael Rubio,mdavid@example.org,North Heidi,2024-07-05
48,Lindsay Martinez,reedross@example.com,New Deborahtown,2025-09-03
49,John Hamilton,cynthia72@example.com,Lake Aimee,2025-04-02
50,Robert Medina,umarshall@example.net,Marcusbury,2025-08-20
